index,disease_name,description,Possible Steps,image_url,,,,,,,,,,
0,Apple : Scab,"잎, 가지, 과실에 발생한다. 잎에는 처음 갈색 내지 녹갈색의 반점이 생기고, 그 뒷면에는 흑녹색의 포자가 생기며, 병반부는 고사, 탈락한다. 잎 앞면에 직경 2~3㎜의 녹황색 반점이 나타나고 갈색의 가루가 덮히며 시간이 경과하면 잎 표면이 부풀어 오름. 과실에서는 1~2㎜의 흑색 반점이 나타나 과실의 비대와 함께 표면에 균열이 생기고 기형과가 된다. 가지는 표면이 거칠고, 표피가 파괴되는 흑색의 병반이 형성된다.","사과원의 습도를 낮추기 위해 배수관리를 철저히 하며 병든 잎, 과실은 불에 태우거나 땅 속 깊이 묻는다.봄철 1차 감염시기의 방제가 가장 중요하므로 4월 중순～5월 중순에 점무늬낙엽병, 붉은별무늬병, 그을음(점무늬)병의 방제와 겸하여 등록약제를 살포하는 것이 효과적이다.",https://extension.umn.edu/sites/extension.umn.edu/files/apple-scab-1.jpg,,,,,,,,,,
1,Apple : Black Rot,"과실, 가지에 주로 발생한다. 과실에는 처음 황갈색의 작은 반점이 생기고, 점차 확대되어 윤문상의 큰 병반이 형성되고, 심하면 물이 흐르고, 과일 전체가 부패, 낙과한다.한편 흑갈색 또는 황갈색의 원형 반점이 형성, 진전이 매우 느리고 병반 주위에 적색의 테를 형성하기도 한다. 가지에서는 사마귀형성(조피), 굵은가지의 윤문증상, 가지마름증상 등으로 나타나는데, 사마귀증상의 피해가 가장 크다.과점을 중심으로 갈색의 작고 둥근 반점이 생기는데, 이 반점의 주위가 붉게 착색됨. 병반이 확대되면 둥근 띠모양으로 테가 생김. 과실을 잘랐을 때 썩는 부위가 연한 갈색 혹은 짙은 갈색으로 불규칙하게 썩으며 이런 증상은 V자 모양을 띄며 씨방쪽으로 썩어 들어가는 탄저병과는 뚜렷하게 구별되는 분류 포인트가 된다.줄기에서의 병반은 사마귀를 형성하는 것과 사마귀를 형성하지 않고 조피증상을 나타내는 것, 검붉은색의 암종을 형성하는 것이 있다.",병원균이 겨울을 지내는 곳에서 비산된 포자가 과실에 부착하지 못하게 하는 봉지 씌우기 재배가 가장 효과적인 방법이다.우리나라에서는 봉지 씌우기를 6월 상순에서 중순에 걸쳐 이행하는데 겹무늬썩음병 방제만을 고려한다면 장마가 시작되기 전까지만 봉지를 씌우면 방제에는 큰 문제가 없다.이 병은 감염가능 기간이 길고 이 기간 중 비만 오면 언제든지 대량감염의 우려가 있으므로 최대 비산 및 감염시기가 되는 장마기 전부터 8월하순까지 매회 방제효과가 높은 약제를 살포해야 한다.유목시기의 가지에 형성된 사마귀 병반부위를 도포제 혹은 수성페인트로 발라두면 병원균의 비산방지와 예방에 효과가 있으나 노목의 경우는 도포처리의 어려움과 비용 과다로 효과적이지 못하다. 전정한 나무가지를 사과원에 방치하지 않도록 한다.약제 살포시 가지에 약이 충분히 묻도록 하는 것도 중요하다.,http://www.omafra.gov.on.ca/english/crops/facts/blackrotf1.jpg,,,,,,,,,,
2,Apple : Cedar rust,"주로 잎에 발생하나 과실, 신소에도 발생한다. 5월 하순경부터 등황색의 선명한 작은 병반이 생기고, 점차 진전되면서 정자각이 형성되고, 병반은 두터워지며, 뒷면이 볼록하게 나타난다. 7월경부터 회황색, 수술모양의 모상체(수자강)가 생기고, 심한 잎은 붉은색을 띄기도 한다. 2종 기생으로 향나무에도 감염되는데, 겨울을 지낸 후 봄이되면 적황색의 설상돌기(舌狀突起)를 형성한다.","사과원 부근 1㎞ 이내에 중간기주인 향나무류를 심지 않는 것이며, 풍향, 풍속 등에 의해 달라지나 보통 500m를 넘을 경우 발병력이 줄어든다. 향나무에 형성된 혹(동포자퇴)이 터져서 젤리 모양이 되기 전에 잘라서 태우든가 4월～5월에 석회유황합제나 적용약제를 살포한다. 과나무에는 낙화 후 검은별무늬병, 점무늬낙엽병, 그을음(점무늬)병과 동시 방제 하는 것이 효과적이다.",https://www.planetnatural.com/wp-content/uploads/2012/12/apple-rust.jpg,,,,,,,,,,
3,Apple : Healthy,"건강한 사과 이다. 사과는 대부분의 과일과 마찬가지로 최상의 수확을 위해 하루 6시간 이상의 직접적인 여름 햇빛을 받는 풀 선에서 재배될 때 가장 좋다. 사과에 가장 적합한 조명은 남쪽이 아닌 북쪽 면, 집이나 나무 줄기, 또는 오르막길과 같은 위치이다. 사과 나무는 배수가 잘 되는 흙을 필요로 하지만 약간의 수분은 유지할 수 있어야 한다.",건강한 사이다.,https://previews.123rf.com/images/msnobody/msnobody1508/msnobody150800002/43698436-red-apple-on-a-branch-of-an-apple-tree-on-a-sunny-day-organic-farmingagriculture-fresh-healthy-natur.jpg,,,,,,,,,,
4,Background Without Leaves,이미지를 다시 업로드해주세요,적절한 잎을 찾을 수 없어서 해결 방안을 설명할 수 없습니다,https://cdn.onlinewebfonts.com/svg/img_332817.png,,,,,,,,,,
5,Blueberry : Healthy,건강한 블루베리 이다. 블루베리는 칼로리가 낮지만 영양가는 높다. 블루베리는 항산화제 음식의 왕이다. 블루베리는 노화와 암을 예방하는 데 도움이 되는 DNA 손상을 줄인다. 블루베리는 혈중의 콜레스테롤을 보호하여 손상을 방지한다. 또한 블루베리는 혈압을 낮출 수 있다.,건강한 블루베리 이다.,https://image.shutterstock.com/image-photo/blueberry-leaf-collection-isolated-on-260nw-308491814.jpg,,,,,,,,,,
6,Cherry : Powdery Mildew,"최초의 관개 시작 후 7~10일 뒤에 발생하는 초기 증상은 민감한 어린 잎(새로 피어난 연하고 밝은 초록색으로 번진 잎)에 가벼운 원형의 가루 모양 반점이다. 나이든 잎은 가루병에 대한 나이 관련 저항성을 발달시켜 더 젊은 잎보다 감염에 자연적으로 더 저항성을 가진다. 높은 습도가 유지되는 뿌리 수현기, 나무의 내부 덮개 또는 갈림살에서 초기 잎 감염을 찾아야 한다. 다른 곰팡이류와는 달리 가루병은 발아하는 데 자유 물이 필요하지 않지만 고습은 발아와 곰팡이 성장을 촉진한다. 이 질병은 잎의 하면(아백스)에서 더 자주 발생하지만 나중에는 양면에서 발생한다. 계절이 지나고 바람에 의해 감염이 전파되면 잎이 비틀거리고 위로 말려 오를 수 있다. 심한 감염은 잎을 주름잡히고 비틀게 만들 수 있다. 새로운 총의 신생 잎은 점차적으로 작아지며 종종 창백하고 비뚤어질 수 있다.",식물의 병든 부분을 즉시 가지치기하고 폐기해야한다 . 동시에 과일 나무의 남은 잎을 보호하기 위해 항진균제를 사용해야한다.,http://treefruit.wsu.edu/wp-content/uploads/2017/05/Fig1.png,,,,,,,,,,
7,Cherry : Healthy,건강한 체리이다. 산딸기와 달콤한 체리 사이에는 관리에서 차이가 없다. 수분을 유지하고 새들로부터 과일을 보호하기 위해 나무 위에 그물을 덮는게 좋다. 건조한 지역에서는 규칙적으로 물을 줘야한다 . 체리 나무의 열매를 적당히 떼어내는 것은 필요하지 않다. 보통 여름 초에 체리 나무는 자연스럽게 열매를 적당히 떼어내기 때문이다. 계절 전체에 걸쳐 나무를 보호하기 위해 라벨 지시에 따라 항진균제를 반복적으로 사용해야 한다.,건강한 체리 이다.,https://previews.123rf.com/images/annafrby/annafrby1907/annafrby190700078/127086189-cherry-on-branch-with-green-leaf-healthy-food-fresh-fruit-two-ripe-berries-of-a-cherry-on-a-branch-l.jpg,,,,,,,,,,
8,Corn : Cercospora Leaf Spot | Gray Leaf Spot,"잎, 줄기, 과실에 발생한다. 잎에는 갈색의 원형 또는 부정형의 병반으로 나타나고, 진전되면 겹무늬병반으로 확대된다. 줄기에는 처음 갈색의 작은 반점으로 나타나고, 상하로 진전되어 장타원형의 병반이 된다. 과실에는 갈색 원형의 겹무늬병반이 형성되고, 중앙에는 흑색 소립점(병자각)이 형성된다.",건전 종자를 사용하거나 종자 소독을 한다. 병든 잎은 일찍 제거하여 전염원을 없앤다. 생육이 왕성하게 관리한다. 발병이 심한 곳은 가지 이외의 작물로 윤작한다. 과습하지 않도록 포장관리를 철저히 하고 질소질비료를 적당량 살포한다.,https://upload.wikimedia.org/wikipedia/commons/thumb/1/12/Gray_leaf_spot_Cercospora_zeae-maydis_5465607.png/330px-Gray_leaf_spot_Cercospora_zeae-maydis_5465607.png,,,,,,,,,,
9,Corn : Common Rust,"짙은 갈색 또는 붉은색의 작은 반점으로 나타나는 질병이다. 이 질병은 주로 옥수수 잎에 발생하며, 이 반점들은 차례로 확산되며 잎의 전체적인 색을 바꿀 수 있다. 이 질병은 습도가 높고 온도가 따뜻한 조건에서 번식하기 때문에 비옥한 조건에서 더 빠르게 확산될 수 있다.","물이 건강한 상태를 유지하도록 적절한 관리를 해야 한다. 충분한 간격을 두고 올바른 수분을 공급하고, 옥수수 잎의 젖은 부분을 피해 습도를 조절하려고 노력해야한다.",https://ohioline.osu.edu/sites/ohioline/files/imce/Plant_Pathology/PLNTPTH-CER-02_Figure_1.png,,,,,,,,,,
10,Corn : Northern Leaf Blight,"처음에는 잎집에 타원형 내지 부정형의 얼룩무늬 증상으로 나타나며, 병반의 가장자리는 담갈색 내지 갈색을 띠고, 내부는 회백색 내지 황백색을 띤다. 병반은 6～7월에 식물체의 잎집 아래 부위에서 형성되고, 수확기까지 식물체의 위쪽으로 계속 진전되며, 후에 병반 표면에는 암갈색의 편구형 혹은 부정형 균핵이 형성된다. 심하게 감염된 식물체의 잎집과 잎은 전부 말라죽고, 간혹 잎집 내 줄기에도 암갈색 부정형 병반이 크게 형성되고, 썩는 증상이 나타난다.","재배 포장의 토양이 다습하지 않도록 주의한다. 식물체가 너무 밀식하지 않게 재배한다. 질소비료의 과용을 피하고, 칼리비료와 균형시비를 한다. 병 발생이 심한 포장은 십자화과 등 다른 비기주 작물과 돌려짓기를 한다.",https://crop-protection-network.s3.amazonaws.com/articles/NLB-Daren-Mueller-02.jpg,,,,,,,,,,
11,Corn : Healthy,"건강한 옥수수이다.  옥수수 식물은 주간 기온이 화씨 75도에서 80도, 밤 기온이 65도에서 70도가 적당하다. 토양은 꾸준히 촉촉하게 유지되어야 하지만 너저분하게 젖지 않도록 주의해야 하며, 비료는 6개월에 한 번만 필요하다. 밝지만 직접적인 햇빛을 받는 곳에 배치할 때 가장 잘 자라는 경향이 있습니다. 식물이 몇 잎이 노랗게 되는 것은 자연스러운 현상이며 크게 신경 쓸 것은 없다. 그러나 만약 식물이 한 번에 다섯 개나 여섯 개의 많은 노란 잎을 생산한다면, 과분한 관수로 인해 또는 식물이 빛의 부족으로 고생하는 것일 수 있다.",건강한 옥수수이다.,https://c8.alamy.com/comp/A85TR2/young-healthy-green-leaves-of-corn-maize-plant-in-pretty-unfolding-A85TR2.jpg,,,,,,,,,,
12,Grape : Black Rot,"성숙된 잎에 등황색 내지 흑갈색의 병반이 형성된다. 초기 병징은 흑색의 작은 반점으로 시작, 병반 주위는 노란 환문이 생기며, 병이 진전 되면서 직경 1~2㎝ 크기의 다각형 병반을 만든다. 잎 뒷면은 다량의 분생자경 형성으로 흑갈색을 띤다. 많이 발생한 경우에는 7~8월 이후 황변하여 조기 낙엽을 일으킨다.","나무 세력이 약한 나무에 잘 발생하므로 질소가 많지 않도록 하는 비료관리와 햇빛과 바람이 잘 통하도록 나무관리에 주의하며 물빠짐 등에 유의해야 하고, 전염원이 되는 병든 낙엽은 긁어모아 태워 버린다. 월동기 포도나무의 발아 전에 석회유황합제를 살포한다. 생육기에는 탄저병 방제를 겸해서 등록약제를 잎 뒷면 중심으로 충분히 살포한다. 병 발생시기와 장마철이 중복되는 경우가 많으므로 약제 살포시기를 놓치지 않도록 주의하여야 한다.",,,,,,,,,,,https://www.researchgate.net/profile/Laura-Mugnai/publication/43161073/figure/fig1/AS:340404659605512@1458170203496/Symptoms-associated-with-esca-of-grapevine-chlorosis-and-necrosis-on-the-leaves-showing_Q320.jpg
13,Grape : Esca | Black Measles,"주로 포도 수확기나 후에 발생하며, 포도의 잎과 새싹에 영향을 미치는 병이기도 하다. 나뭇잎의 비정상적인 색상 또는 모양 나무가 죽는 부분이 있거나 전체적인 나무의 쇠약함 줄기나 가지에 검은색 반점 또는 노란색 반점 심한 경우, 수확 시 포도가 좋지 않은 상태로 보일 수 있다. ","가지를 깨끗하게 손질함으로써, 병균이 번식하고 나무 전체에 퍼지는 것을 방지할 수 있다. 건강한 부분과 병든 부분을 잘 구분하여 나무의 건강한 성장을 유지하고, 새로운 병균의 침입을 방지한다. ",,,,,,,,,,,
14,Grape : Leaf Blight | Isariopsis Leaf Spot,"곰팡이 속의 세균으로 인해 발생하며, 잎에 발생하는 각종 문제를 일으킨다. 잎에 작은 갈색 혹은 회색 반점이 나타나며, 이후 반점이 커지고 합쳐져서 큰 잎 손상을 일으킨다. 잎의 경계를 따라 갈색 가장자리가 형성된다. 이 병은 잎의 사진합성을 방해하여 식물이 영양소를 생산하는데 문제를 일으킨다. 심한 경우, 잎이 노랗게 변하고 시들어 잎이 떨어질 수 있습니다.지 않도록 주의해야 한다. 그리고 이런 작업을 수행할 때 나무의 생리적인 상태나 시기를 고려하여 적절한 타이밍에 작업을 진행하는 것이 중요하다. ","나무 주변의 잡초를 제거하고 공기 순환이 잘되도록 나무 주변을 청소하여 장소의 통풍을 개선하여 습기가 증가하는 것을 방지한다. 과도한 관수는 병을 유발할 수 있으므로, 토양을 마르게 유지하고 너무 습기를 피하는 것이 중요하다.",https://www.goodfruit.com/wp-content/uploads/Black-rot-lesions-on-leaves-indicate-potential-for-fruit-infection-1-feat2.jpg,,,,,,,,,,
15,Grape : Healthy,"건강한 포도이다. 물을 뿌릴 때에는 뿌리 영역에만 물을 줘야한다 . 포도 잎이 젖지 않도록 주의해야한다 . 이렇게 하면 포도의 많은 질병을 예방할 수 있다. 가을에는 어린 포도 덩굴에 물을 줄이고, 식물이 겨울을 준비하기 위해 견고한 삿갓을 형성하도록 견실해야한다. 오래된 덩굴들은 모래 토양이나 다른 흡수가 매우 잘 되는 토양에 있지 않는 이상 거의 물을 필요로하지 않는다.",건강한 포도이다.,https://images.indianexpress.com/2021/02/grapes-1200.jpg,,,,,,,,,,
16,Orange : Haunglongbing | Citrus Greening,"잎이 비정상적으로 변형되고, 식물은 잎이 축소되거나 비대해지는 증상을 보인다. 노란색 또는 녹색의 비정상적인 패턴이 잎에 나타나며, 이는 '청색증' 혹은 '사무라이 패턴'이라고 불린다. 나무의 꽃과 열매는 올바르게 성장하지 않고, 열매의 색상이 비정상적이거나 적절한 성장이 이루어지지 않는 경우가 있다.",질병의 전파를 방지하는데에 중요하기 때문에 확실히 확실히 감염된 나무를 제거하여 인접한 식물로의 전파를 막습니다. 이를 통해 질병의 확산을 제어할 수 있다. ,https://www.universityofcalifornia.edu/sites/default/files/CitrusGreening.jpg,,,,,,,,,,
17,Peach : Bacterial Spot,"주로 잎에 발생을 하며, 가지와 과일에도 발생한다. 봄에 잎에 형성되는 병반은 수침상의 적자색 내지 갈색이며. 나중에 죽은 조직이 떨어져 나와 구멍이 생기게 된다. 가지에서는 병징이 적자색 내지 암갈색으로 변하고 심하면 가지가 고사된다. 어린 과실의 초기병징은 황색을 띠고, 차차 흑색으로 변하며, 병반주위가 녹황색을 띠게 된다.","전정 시 감염된 가지를 제거하여 불 태운다. 비, 바람에 전염이 일시에 감염시킬 수 있으므로 방풍구를 설치한다.",https://www.gardeningknowhow.com/wp-content/uploads/2016/07/bacterial-spot-peach.jpg,,,,,,,,,,
18,Peach : Healthy,"건강한 복숭아이다. 복숭아 나무는 미국 농무부 기준으로 5부터 8 또는 9 지역에서 자라며, 완두콩 나무와 같은 작은 나무나 표준 크기로 제공되므로, 마당 과수원에 좋은 선택이다. 대부분의 장식용 식물과 달리 복숭아 나무는 건강하고 생산적으로 유지되기 위해 규칙적인 가지치기, 비료 공급, 그리고 스프레이를 필요로 한다. 나무 주변의 풀과 잡초를 제거하여 물과 영양소를 경쟁하는 것을 피하고, 아낌없이 마루를 뿌려줘야한다.",건강한 복숭아 이다.,https://www.tasteofhome.com/wp-content/uploads/2019/06/peaches-shutterstock_297863489-1.jpg,,,,,,,,,,
19,Pepper bell : Bacterial Spot,"잎에 처음에는 회갈색의 작은 점무늬로 나타나고, 진전되면 중심부는 흰색으로 변하며, 병반의 가장자리는 암갈색을 띠게 된다. 병반의 주위에는 황색의 테두리가 형성된다. 심한 경우에는 잎 전체가 갈색으로 변해 떨어진다. 잎자루와 과경에는 갈색의 둥근 반점이 형성되고, 진전되면 암갈색 부정형으로 약간 확대된다. 피망의 과실에서는 갈색 내지 암갈색의 반점으로 나타난다.",비가 자주 오면 병원세균이 식물체에 침입하거나 식물체내에서 증식하기가 매우 쉬어지므로 비가림 재배를 한다. 연작을 피하고 병든 조직은 빨리 밭에서 제거한다. 농작업은 맑은 날에 하고 사용하였던 농작업용 자재는 소독한 후 사용한다. 약제방제는 예방을 목적으로 사용하는 것이 효과적이며 심하게 발병하면 방제하기 어렵다.,https://extension.umd.edu/sites/default/files/_images/programs/grow_it_eat_it/diseases/BacterialLeafSpot/bacterial_leaf_spot_pepper_plant_l.jpg,,,,,,,,,,
20,Pepper bell : Healthy,건강한 고추이다. 하지만 흙을 너무 축축하게 만들지 않는 것이 좋다. 흙을 약 6인치 정도 깊게 촉촉하게 만든 다음 조금 마르게 둬야 한다. 고추가 자라는 동안과 수확 시에 물을 주는 것이 특히 중요하며 일정한 수분은 고추을 탄탄하고 건강하게 유지하는 데 도움이 됩니다. ,건강한 고추이다.,https://www.healthbenefitstimes.com/9/gallery/bell-peppers/Bell-pepper-leaves.jpg,,,,,,,,,,
21,Potato : Early Blight,"주로 잎에 많이 발생한다. 처음에는 작은 원형의 갈색반점이 나타나고, 진전되면 1∼2㎝ 크기의 대형 흑갈색 병반이 형성된다. 심할 때에는 잎 전체가 말라죽게 되고 괴사부에는 흑색의 분생포자가 밀생한다. 토마토 겹둥근무늬병과 같이 뚜렸한 윤문이 형성되지는 않으나, 병반 상에는 다소의 윤문이 형성되는 것을 볼 수 있다.",발생상습지는 돌려 짓기를 하고 병든 잔사물은 신속히 제거하여 불태운다. 절비가 되지 않도록 주의한다. 큐어링을 충분히 하여 괴경감염을 방지한다.,https://www.ag.ndsu.edu/publications/crops/early-blight-in-potato/figure-1-opt.jpeg/@@images/468990cc-77a9-4e29-8779-0eb3e94e0407.jpeg,,,,,,,,,,
22,Potato : Late Blight,기상 환경과 재배 양식에 따라 병 증상이 다양하게 나타나는데 초기에는 연록색이나 진한 녹색의 부정형 작은 반점이 잎에 나타난다. 환경이 적당하면 병은 순식간에 번지는데 적갈색의 큰 괴저 병반이 잎에 먼저 생기고 나중에 잎줄기와 줄기로 번져 포기 전체가 결국 말라죽는다. 병반 주변에는 가끔 연록색 혹은 노란 윤문이 생기며 병원균 포자가 하얗게 형성되기도 한다. 감염된 종서는 불규칙한 암갈색의 병반이 표면에 나타나는데 안으로 약간 들어가며 속을 갈라보면 적갈색으로 썩어있으나 비교적 단단하다.,"건전 씨감자를 선택하고 병든 감자는 불에 태우거나 땅속 깊이 묻는다. 저장 전 건전 종서 선별을 철저히 한다 . 환기를 잘하여 저장고가 과습하지 않도록 한다. 재배 포장은 배수가 잘되게 이랑을 파고 침수되지 않도록 주의한다. 예보에 따라 방제적기에 등록된 약제를 이용하여 예방적, 치료적 방제제를 사용한다.",https://www.ag.ndsu.edu/publications/crops/late-blight-in-potato/figure-2-opt.jpeg/@@images/dfe1e0b4-08d4-404a-8e66-474de72b1e91.jpeg,,,,,,,,,,
23,Potato : Healthy,건강한 감자이다. 많은 감자가 성장하는 동안 일정한 수분을 유지해야 하므로 감자가 형성되면 매일 규칙적으로 물을 주어야 한다. 감자 식물에 물을 줄 때 물은 흙 수준으로 약 8-10인치 정도까지 도달해야 한다. 더운 계절이나 따뜻한 계절에는 흙이 빨리 말라가기 때문에 하루에 두 번 감자 식물에 많은 양의 물을 줘야 한다.,건강한 감자이다.,https://www.garden.eco/wp-content/uploads/2018/06/can-you-eat-potato-leaves.jpg,,,,,,,,,,
24,Raspberry : Healthy,"건강한 라즈베리이다.  봄부터 수확 후까지 매주 1인치의 물을 줘야한다. 빈번한 관수가 드물게 깊게 적시는 것보다 나은 결과를 가져온다. 라즈베리 덩굴을 정돈하기 위해 행에서 멀리 자라는 ""수꽃"" 또는 줄기들을 뽑아내야한다. 만약 이들을 제거하지 않으면 영양분을 빼앗아 다음 해에는 덜 많은 베리를 수확할 수 있다.",건강한 라즈베리이다.,https://www.gardeningknowhow.com/wp-content/uploads/2009/04/raspberry.jpg,,,,,,,,,,
25,Soybean : Healthy,건강한 콩이다. 꽃이 피고 콩 맺힘이 일어나는 동안 규칙적으로 물을 주는것이 좋다 . 꽃과 콩이 떨어지게 할 수 있는 고유수 관수는 피하여야 한다. 토양 온도가 60°F(16°C) 이상으로 올라갈 때 토양 수분 보존을 위해 마루를 뿌려줘야 한다.,건강한 콩이다.,https://upload.wikimedia.org/wikipedia/commons/a/ac/Soybean_leaves.jpg,,,,,,,,,,
26,Squash : Powdery Mildew,"주로 잎에 발생하며 잎자루와 줄기에도 발생한다. 잎에는 처음 흰색의 분생포자가 점점이 나타나고, 진전되면 잎 전체에 밀가루를 뿌려 놓은 것 같은 증상으로 변한다. 기온이 서늘해지면 병반상에 흑색소립점(자낭각)이 형성된다. 이 병으로 인하여 잎이 고사되는 일은 드무나 잎에 병든 그루는 노화되어 수확기간이 단축된다.",수확 후 병든 잔재물은 모두 제거한다. 밀식을 피하고 통풍이 잘되게 한다. 질소질 비료의 과용을 피하고 과번무 하지 않도록 한다. 등록약제를 이용하여 방제한다.,https://extension.umn.edu/sites/extension.umn.edu/files/styles/caption_medium/public/powdery-mildew-2.jpg?itok=Un68av52,,,,,,,,,,
27,Strawberry : Leaf Scorch,"생육 초기부터 중기까지 저온기에 많이 발생한다. 감염초기에는 관부의 새싹부위가 적갈색을 띠면서 마르고, 진전되면 암갈색으로 변하여 말라죽는다. 감염된 잎에는 갈색 내지 적갈색의 작은 원형반점이 형성되고, 진전되면 병반이 융합하여 약간 확대된다. 감염된 뿌리는 암갈색 내지 흑색으로 변하여 썩는다. 병든 식물체는 생육이 불량하고, 심하게 진전되면 그루 전체가 말라죽는다.",병발생이 심한 포장은 돌려짓기를 한다. 재배지의 토양이 다습하지 않도록 주의한다. 등록약제를 이용하여 방제한다.,https://content.ces.ncsu.edu/media/images/17531_IMG_2126.JPG,,,,,,,,,,
28,Strawberry : Healthy,"
건강한 딸기이다. 햇빛을 많이 받는 곳에 위치시켜야한다. 딸기는 많은 양의 빛을 좋아하고 필요로 한다. 딸기는 물이 많이 필요한 식물이다. 특히 과일을 생산하고 있는 경우 하루에 한 번씩 물을 줘야한다. 아침에 주는 것이 가장 좋으며, 병해충 예방을 위해 잎이 젖지 않도록 해야 한다. 날씨 조건이 극단적이거나 바람이 강할 때에는 보호해주는 것이 좋다. 딸기를 생산하기 위해 많은 에너지가 필요하기 때문에 비료를 주세요. 균형 잡힌 비료(10-10-10, 12-12-12 등)를 구입하는 것이 좋다.",건강한 딸기이다.,https://www.canr.msu.edu/uploads/images/7-12-11-MARK-plhstrw4.jpg,,,,,,,,,,
29,Tomato : Bacterial Spot,"토마토의 세균성 구멍병은 치명적인 질병으로 심각한 경우 무시무시한 손실을 야기시키며 가끔은 식물의 죽음으로 이어질 수 있다. 토마토가 재배되는 곳이라면 어디서든 발생할 수 있지만 따뜻하고 습한 기후, 그리고 온실에서 가장 빈번하게 발견된.  잎에는 작고 (약 ¼ 인치 미만), 때로는 물에 젖은 것처럼 보이는 원형의 작은 반점이 나타난다. 처음에는 노란-초록색일 수 있지만 나이가 들면 갈색-적갈색으로 변한다. 심한 경우에는 잎이 크게 노랗거나 잎이 떨어질 수 있다. 과일이 익으면 반점이 커지고 (최대 ¼ 인치까지) 갈색으로 변하며 거칠고 거칠어잔다. ",잎을 건조하게 유지하기 위해서 스프링클러를 피하고 물을 누르거나 스프레이 해주어야한다. 또한 전파를 방지하기 위해 식물이 젖은 상태에서 식물을 다루면 안된다. 따뜻하고 습한 기간동안에는 특히나 조심해야한다. ,https://www.growingproduce.com/wp-content/uploads/2019/08/bacterial_spot_tomato.jpg,,,,,,,,,,
30,Tomato : Early Blight,"잎, 줄기, 과실에 발생한다. 감염 부위에는 처음에 타원형의 갈색 반점으로 나타나고 진전되면 암갈색의 겹무늬 반점으로 확대된다. 병든 부위는 마른 상태로 썩으며 겹무늬가 생기고, 후에 분생포자가 형성되어 검은 색을 띠게 된다. 줄기의 감염 부위 위쪽으로는 시들고 말라 죽는다. 병든 과실은 검게 썩어 상품가치를 잃게 된다.","병든 식물은 일찍 제거하고, 발생상습지 포장은 돌려짓기한다. 조생종을 재배하고, 종자소독을 한다. 충분히 비료를 주도록 한다. 지주목을 새워 비,바람에 의해 쓰러지지 않도록 해주며, 통풍과 투광이 잘 되도록 한다.",https://extension.umn.edu/sites/extension.umn.edu/files/styles/large/public/early-blight-leaf-tomato.jpg?itok=woYQQlrF,,,,,,,,,,
31,Tomato : Late Blight,"잎, 과실, 줄기 등에서 발생한다. 잎에 발생하는 초기증상은 불명확한 수침상의 부정형 병반으로 나타나고 점점 커져 급속히 넓은 면적으로 번진다. 병든 잎은 연한 녹색이나 갈색으로 썩고, 과습하면 잎 뒷면에 다량의 흰 균사와 유주자낭을 형성하여 이슬처럼 보인다. 병든 잎은 갈색으로 썩고 오그라들면서 말라죽는데, 병발생이 심한 포장은 냉해를 입은 것처럼 보이기도 한다. 어린 가지나 줄기 혹은 잎자루 등의 병든 부위는 갈색으로 썩으며, 저온과습하면 흰 균사와 포자가 수 없이 많이 형성된다. 과실의 병든 부위는 흑갈색으로 썩고, 비교적 단단하며 과실전체가 심하게 오그라들기도 한다. 다른 병원균이 이차적으로 침입하게 되면 과실 전체가 물컹하게 썩기도 한다.",환기를 철저히 하여 시설내가 과습하지 않도록 한다. 잦은 물주기를 하지 않고 물빠짐을 좋게 한다. 항상 포장을 청결히 하고 병든 잎이나 줄기는 조기에 제거하여 불에 태우거나 땅속 깊이 묻는다. 등록약제를 이용하여 방제한다.,"https://www.canr.msu.edu/contentAsset/image/e97d1ef0-5b55-49b0-ab4e-c57dcbeca65e/fileAsset/filter/Resize,Jpeg/resize_w/750/jpeg_q/80",,,,,,,,,,
32,Tomato : Leaf Mold,"잎에 발생한다. 처음에는 잎의 표면에 흰색 또는 담회색의 반점으로 나타나고 진전되면 황갈색 병반으로 확대된다. 잎 뒷면에 담갈색의 병반이 형성되는데, 병반상에는 갈색의 곰팡이가 융단처럼 밀생되어 있는 것을 볼 수 있으며, 오래되면 균총이 갈색에서 연한 자색으로 변한다. 주로 아래 잎에서 피해가 크며, 심하면 아랫잎 전체가 누렇게되고 말라 죽는다.","병든 잎을 신속히 제거한다. 90%이상의 상대습도가 유지되지 않도록 한다. 통풍이 잘되게 하고 밀식하지 않는다. 건전한 종자를 사용하고, 깨끗한 자재를 사용한다. 질소질 비료의 과용을 피한다.",https://www.gardeningknowhow.com/wp-content/uploads/2018/04/tomato-leaf-mold-400x300.jpg,,,,,,,,,,
33,Tomato : Septoria Leaf Spot,"잎, 잎자루, 줄기, 가지, 과경에 발생한다. 발생 초기에는 식물체의 아래쪽에서부터 병 증상이 나타나고, 위쪽으로 진전되어 올라간다. 감염 부위에는 갈색 내지 암갈색의 작은 반점이 형성되고, 진전되면 병반의 내부는 회색으로 변하며, 그 곳에 흑색의 소립점이 보인다. 심하게 병든 잎은 황색으로 변하여 마르고 일찍 떨어진다. 심하게 병든 가지는 황색으로 변해 말라 죽는다.","종자를 선별하고, 소독하여 파종한다. 재배 시 균형시비를 한다. 병든 잎은 조기에 제거한다. 온실재배 시 내부가 다습하지 않도록 환기를 한다.",https://www.missouribotanicalgarden.org/portals/0/Gardening/Gardening%20Help/images/Pests/Septoria_Leaf_Spot_of_Tomato187.jpg,,,,,,,,,,
34,Tomato : Spider Mites | Two-Spotted Spider Mite,"진드기는 가장 대표적인 해충 중 하나이다. 연간 최대 20세대까지 번식할 수 잇으며, 과도한 질소와 건조하고 먼지가 많은 환경을 선호한다.  폭넓은 스펙트럼의 살충제 사용으로 인해 자연적인 적들이 감소하면서 진드기 개체 수가 증가하는 경우가 많다. ",살충제를 뿌리는 것보다는 잡초가 많은 농경지를 피하고  작물 옆에 또다른 작물을 심지 않는 것이 좋다. ,https://entomology.ca.uky.edu/files/styles/panopoly_image_original/public/310a.jpg?itok=XNlP0H9H,,,,,,,,,,
35,Tomato : Target Spot,"잎에 회갈색 내지 암갈색의 작은 부정형 반점을 형성한다. 병반은 후에도 그다지 진전되지 않고, 작은 반점으로 남아 있으나, 심하게 감염된 잎은 황색으로 변하면서 마르고 일찍 떨어진다.","종자를 선별하고, 소독하여 파종한다. 재배 시 균형시비를 한다. 병든 잎은 조기에 제거한다. 온실재배 시 내부가 다습하지 않도록 환기를 한다.",https://barmac.com.au/wp-content/uploads/sites/3/2016/01/Target-Spot-Tomato1.jpg,,,,,,,,,,
36,Tomato : Yellow Leaf Curl Virus,"토마토 식물을 감염시키는 바이러스로, 잎이 노랗게 컬링되고 식물에 심각한 손상을 입히는 병원체이다. 이 바이러스는 당근밭 백합백삼향나방이라는 벌레를 통해 전파된다. 토마토 식물의 생장과 열매 생산에 심각한 영향을 미치며, 세계적으로 수확 손실을 야기할 수 있습니다. 이러한 바이러스에 대한 저항성을 지닌 토마토 품종들이 있지만, 이들 또한 완전히 면역적이지 않고 경미한 증상을 보일 수 있으며, 경제적으로 더 많은 상품 토마토를 생산할 수 있다. 하지만 이러한 저항성 품종의 과도한 사용은 바이러스에 대한 저항성을 깨뜨릴 수 있으므로 주의가 필요하다.","병을 전염시키는 해충의 세대 기간이 짧아 연간 발생횟수가 많고 증식률이 높으므로 발생초기에 방제하고, 육묘 시 철저한 관리로 병의 확산 예방 한다.",https://gd.eppo.int/media/data/taxon/T/TYLCV0/pics/1024x0/10609.jpg,,,,,,,,,,
37,Tomato : Mosaic Virus,토마토 모자이크 바이러스 토마토 식물의 노랑이거나 발육 저하를 일으켜 생장이 제대로 이루어지지 않고 수확량이 줄어드는 결과를 초래할 수 있다.  과일의 불규칙한 숙성을 유발하여 수확량을 더욱 줄일 수 있다.식물이 초기에 감염되면 전반적으로 노랗고 발육이 저하된 모습을 보일 수 있다. ,병균이 없는 인증된 종자를 사용하여 식물을 성장시키는것이 중요하기 떄문에 바이러스에 감염되지 않는 것을 확인하고 신뢰있는 곳에서 종자를 구입하는 것이 좋다. ,http://ucanr.edu/blogs/dirt/blogfiles/71403_original.jpg,,,,,,,,,,
38,Tomato : Healthy,건강한 토마토 이다. 토마토 식물을 심기 하루 전과 그날에 비료를 주는 것이 좋다. 특히 꽃과 그로부터 자라는 과일이나 채소 형성을 촉진하는 인산을 매우 좋아한다. 토마토 식물이 꽃을 피우고 있는 경우 과일 성장이 아닌 덩굴 성장을 촉진하는 고질집 질소를 피하는 것이 좋다 . 토마토 묘목을 서로 가까이 심지 않는 것이 좋다. 많은 양의 빛을 제공해야 한다.토양이 따뜻해진 후 토마토에 마루를 뿌려주는 것이 좋다. ,건강한 토마토이다.,https://cdn8.dissolve.com/p/D869_27_632/D869_27_632_1200.jpg,,,,,,,,,,
